date,2025-04-23_18-40-07
field1,1,Td
vgem,200,V
field2,1-5,Td
field3,1-2,Td
Time,Voltage
0.0,0.0
1e-07,0.0
2e-07,0.0
3e-07,0.0
4e-07,0.0
5e-07,0.0
6e-07,0.0
7e-07,0.0
8e-07,0.0
9e-07,0.0
1e-06,0.0
1.1e-06,0.0
1.2e-06,0.0
1.2999999999999998e-06,0.0
1.4e-06,0.0
1.5e-06,0.0
1.6e-06,0.0
1.6999999999999998e-06,0.0
1.8e-06,0.0
1.9e-06,0.0
2e-06,0.0
2.1e-06,0.0
2.2e-06,0.0
2.3e-06,0.0
2.4e-06,0.0
2.4999999999999998e-06,0.0
2.5999999999999997e-06,0.0
2.7e-06,0.0
2.8e-06,0.0
2.8999999999999998e-06,0.0
3e-06,0.0
3.1e-06,0.0
3.2e-06,0.0
3.2999999999999997e-06,0.0
3.3999999999999996e-06,0.0
3.5e-06,0.0
3.6e-06,0.0
3.6999999999999997e-06,0.0
3.8e-06,0.0
3.9e-06,0.0
4e-06,0.0
4.1e-06,0.0
4.2e-06,0.0
4.2999999999999995e-06,0.0
4.4e-06,0.0
4.5e-06,0.0
4.6e-06,0.0
4.7e-06,0.0
4.8e-06,0.0
4.9e-06,0.0
4.9999999999999996e-06,0.0
5.0999999999999995e-06,0.0
5.199999999999999e-06,0.0
5.3e-06,0.0
5.4e-06,0.0
5.5e-06,0.0
5.6e-06,0.0
5.7e-06,0.0
5.7999999999999995e-06,0.0
5.899999999999999e-06,0.0
6e-06,0.0
6.1e-06,0.0
6.2e-06,0.0
6.3e-06,0.0
6.4e-06,0.0
6.5e-06,0.0
6.5999999999999995e-06,0.0
6.699999999999999e-06,0.0
6.799999999999999e-06,0.0
6.9e-06,0.0
7e-06,0.0
7.1e-06,0.0
7.2e-06,0.0
7.2999999999999996e-06,0.0
7.3999999999999995e-06,0.0
7.499999999999999e-06,0.0
7.6e-06,0.0
7.699999999999999e-06,0.0
7.8e-06,0.0
7.899999999999999e-06,0.0
8e-06,0.0
8.1e-06,0.0
8.2e-06,0.0
8.3e-06,0.0
8.4e-06,0.0
8.5e-06,0.0
8.599999999999999e-06,0.0
8.7e-06,0.0
8.8e-06,0.0
8.9e-06,0.0
9e-06,0.0
9.1e-06,0.0
9.2e-06,0.0
9.299999999999999e-06,0.0
9.4e-06,0.0
9.499999999999999e-06,0.0
9.6e-06,0.0
9.7e-06,0.0
9.8e-06,0.0
9.9e-06,0.0
9.999999999999999e-06,0.0
1.01e-05,0.0
1.0199999999999999e-05,0.0
1.03e-05,0.0
1.0399999999999999e-05,0.0
1.05e-05,0.0
1.06e-05,-0.002
1.07e-05,-0.002
1.08e-05,0.0
1.0899999999999999e-05,-0.002
1.1e-05,0.0
1.1099999999999999e-05,0.0
1.12e-05,0.0
1.13e-05,0.0
1.14e-05,0.0
1.15e-05,0.0
1.1599999999999999e-05,0.0
1.17e-05,0.0
1.1799999999999999e-05,0.0
1.19e-05,0.0
1.2e-05,0.0
1.21e-05,0.0
1.22e-05,0.0
1.2299999999999999e-05,0.0
1.24e-05,0.0
1.2499999999999999e-05,0.0
1.26e-05,0.0
1.2699999999999999e-05,0.0
1.28e-05,0.0
1.29e-05,0.0
1.3e-05,0.0
1.31e-05,0.0
1.3199999999999999e-05,0.0
1.33e-05,0.0
1.3399999999999999e-05,0.0
1.35e-05,0.0
1.3599999999999999e-05,0.0
1.37e-05,0.0
1.38e-05,0.0
1.3899999999999999e-05,0.0
1.4e-05,0.0
1.4099999999999999e-05,0.0
1.42e-05,0.0
1.4299999999999999e-05,0.0
1.44e-05,0.0
1.45e-05,0.0
1.4599999999999999e-05,0.0
1.47e-05,0.0
1.4799999999999999e-05,0.0
1.49e-05,0.0
1.4999999999999999e-05,0.0
1.51e-05,0.0
1.52e-05,0.0
1.53e-05,0.0
1.5399999999999998e-05,0.0
1.55e-05,0.0
1.56e-05,0.0
1.57e-05,0.0
1.5799999999999998e-05,0.0
1.59e-05,0.0
1.6e-05,0.0
1.61e-05,0.0
1.62e-05,0.0
1.63e-05,0.0
1.64e-05,0.0
1.6499999999999998e-05,0.0
1.66e-05,0.0
1.67e-05,0.0
1.68e-05,0.0
1.69e-05,0.0
1.7e-05,0.0
1.71e-05,0.0
1.7199999999999998e-05,0.0
1.73e-05,0.0
1.74e-05,0.0
1.75e-05,0.0
1.76e-05,0.0
1.77e-05,0.0
1.78e-05,0.0
1.7899999999999998e-05,0.0
1.8e-05,0.0
1.81e-05,0.0
1.82e-05,0.0
1.8299999999999998e-05,0.0
1.84e-05,0.0
1.85e-05,0.0
1.8599999999999998e-05,0.0
1.87e-05,0.0
1.88e-05,0.0
1.89e-05,0.0
1.8999999999999998e-05,0.0
1.91e-05,0.0
1.92e-05,0.0
1.9299999999999998e-05,0.0
1.94e-05,0.0
1.95e-05,0.0
1.96e-05,0.0
1.9699999999999998e-05,0.0
1.98e-05,0.0
1.99e-05,0.0
1.9999999999999998e-05,0.0
2.01e-05,0.0
2.02e-05,0.0
2.03e-05,0.0
2.0399999999999998e-05,0.0
2.05e-05,0.0
2.06e-05,0.0
2.07e-05,0.0
2.0799999999999997e-05,0.0
2.09e-05,0.0
2.1e-05,0.0
2.1099999999999998e-05,0.0
2.12e-05,0.0
2.13e-05,0.0
2.14e-05,0.0
2.1499999999999997e-05,0.0
2.16e-05,0.0
2.17e-05,0.0
2.1799999999999998e-05,0.0
2.19e-05,0.0
2.2e-05,0.0
2.21e-05,0.0
2.2199999999999998e-05,0.0
2.23e-05,0.0
2.24e-05,0.0
2.2499999999999998e-05,0.0
2.26e-05,0.0
2.27e-05,0.0
2.28e-05,0.0
2.2899999999999998e-05,0.0
2.3e-05,0.0
2.31e-05,0.0
2.3199999999999998e-05,0.0
2.33e-05,0.0
2.34e-05,0.0
2.35e-05,0.0
2.3599999999999998e-05,0.0
2.37e-05,0.0
2.38e-05,0.0
2.3899999999999998e-05,0.0
2.4e-05,0.0
2.41e-05,0.0
2.42e-05,0.0
2.4299999999999998e-05,0.0
2.44e-05,0.0
2.45e-05,0.0
2.4599999999999998e-05,0.0
2.4699999999999997e-05,0.0
2.48e-05,0.0
2.49e-05,0.0
2.4999999999999998e-05,0.0
2.51e-05,0.0
2.52e-05,0.0
2.53e-05,0.0
2.5399999999999997e-05,0.0
2.55e-05,0.0
2.56e-05,0.0
2.5699999999999998e-05,0.0
2.58e-05,0.0
2.59e-05,0.0
2.6e-05,0.0
2.6099999999999997e-05,0.0
2.62e-05,0.0
2.63e-05,0.0
2.6399999999999998e-05,0.0
2.65e-05,0.0
2.66e-05,0.0
2.67e-05,0.0
2.6799999999999998e-05,0.0
2.69e-05,0.0
2.7e-05,0.0
2.7099999999999998e-05,0.0
2.7199999999999997e-05,0.0
2.73e-05,0.0
2.74e-05,0.0
2.7499999999999998e-05,0.0
2.76e-05,0.0
2.77e-05,0.0
2.7799999999999998e-05,0.0
2.7899999999999997e-05,0.0
2.8e-05,0.0
2.81e-05,0.0
2.8199999999999998e-05,0.0
2.83e-05,0.0
2.84e-05,0.0
2.8499999999999998e-05,0.0
2.8599999999999997e-05,0.0
2.87e-05,0.0
2.88e-05,0.0
2.8899999999999998e-05,0.0
2.9e-05,0.0
2.91e-05,0.0
2.9199999999999998e-05,0.0
2.9299999999999997e-05,0.0
2.94e-05,0.0
2.95e-05,0.0
2.9599999999999998e-05,0.0
2.97e-05,0.0
2.98e-05,0.0
2.99e-05,0.0
2.9999999999999997e-05,0.0
3.01e-05,0.0
3.02e-05,0.0
3.0299999999999998e-05,0.0
3.04e-05,0.0
3.05e-05,0.0
3.06e-05,-0.002
3.07e-05,-0.002
3.0799999999999996e-05,0.0
3.09e-05,0.0
3.1e-05,0.0
3.11e-05,0.0
3.12e-05,0.0
3.13e-05,0.0
3.14e-05,0.0
3.15e-05,0.0
3.1599999999999996e-05,0.0
3.17e-05,0.0
3.18e-05,0.0
3.1899999999999996e-05,0.0
3.2e-05,0.0
3.21e-05,0.0
3.22e-05,0.0
3.23e-05,0.0
3.24e-05,0.0
3.25e-05,0.0
3.26e-05,0.0
3.2699999999999995e-05,0.0
3.28e-05,0.0
3.29e-05,0.0
3.2999999999999996e-05,0.0
3.31e-05,0.0
3.32e-05,0.0
3.3299999999999996e-05,0.0
3.34e-05,0.0
3.35e-05,0.0
3.36e-05,0.0
3.37e-05,0.0
3.38e-05,0.0
3.39e-05,0.0
3.4e-05,0.0
3.4099999999999995e-05,0.0
3.42e-05,0.0
3.43e-05,0.0
3.4399999999999996e-05,0.0
3.45e-05,0.0
3.46e-05,0.0
3.4699999999999996e-05,0.0
3.48e-05,0.0
3.49e-05,0.0
3.5e-05,0.0
3.51e-05,0.0
3.52e-05,0.0
3.53e-05,0.0
3.54e-05,0.0
3.5499999999999996e-05,0.0
3.56e-05,0.0
3.57e-05,0.0
3.5799999999999996e-05,0.0
3.59e-05,0.0
3.6e-05,0.0
3.6099999999999997e-05,0.0
3.62e-05,0.0
3.63e-05,0.0
3.64e-05,0.0
3.65e-05,0.0
3.6599999999999995e-05,0.0
3.67e-05,0.0
3.68e-05,0.0
3.6899999999999996e-05,0.0
3.7e-05,0.0
3.71e-05,0.0
3.7199999999999996e-05,0.0
3.73e-05,0.0
3.74e-05,0.0
3.75e-05,0.0
3.76e-05,0.0
3.77e-05,0.0
3.78e-05,0.0
3.79e-05,0.0
3.7999999999999995e-05,0.0
3.81e-05,0.0
3.82e-05,0.0
3.8299999999999996e-05,0.0
3.84e-05,0.0
3.85e-05,0.0
3.8599999999999996e-05,0.0
3.87e-05,0.0
3.88e-05,0.0
3.89e-05,0.0
3.9e-05,0.0
3.9099999999999995e-05,0.0
3.92e-05,0.0
3.93e-05,0.0
3.9399999999999995e-05,0.0
3.95e-05,0.0
3.96e-05,0.0
3.9699999999999996e-05,0.0
3.98e-05,0.0
3.99e-05,0.0
3.9999999999999996e-05,0.0
4.01e-05,0.0
4.02e-05,0.0
4.03e-05,0.0
4.04e-05,0.0
4.0499999999999995e-05,0.0
4.06e-05,0.0
4.07e-05,0.0
4.0799999999999996e-05,0.0
4.09e-05,0.0
4.1e-05,0.0
4.1099999999999996e-05,0.0
4.12e-05,0.0
4.13e-05,0.0
4.14e-05,0.0
4.15e-05,0.0
4.1599999999999995e-05,0.0
4.17e-05,0.0
4.18e-05,0.0
4.1899999999999995e-05,0.0
4.2e-05,0.0
4.21e-05,0.0
4.2199999999999996e-05,0.0
4.23e-05,0.0
4.24e-05,0.0
4.2499999999999996e-05,0.0
4.26e-05,0.0
4.27e-05,0.0
4.28e-05,0.0
4.29e-05,0.0
4.2999999999999995e-05,0.0
4.31e-05,0.0
4.32e-05,0.0
4.3299999999999995e-05,0.0
4.34e-05,0.0
4.35e-05,0.0
4.3599999999999996e-05,0.0
4.37e-05,0.0
4.38e-05,0.0
4.3899999999999996e-05,0.0
4.4e-05,0.0
4.41e-05,0.0
4.42e-05,0.0
4.43e-05,0.0
4.4399999999999995e-05,0.0
4.45e-05,0.0
4.46e-05,0.0
4.4699999999999996e-05,0.0
4.48e-05,0.0
4.49e-05,0.0
4.4999999999999996e-05,0.0
4.51e-05,0.0
4.52e-05,0.0
4.5299999999999997e-05,0.0
4.54e-05,0.0
4.5499999999999995e-05,0.0
4.56e-05,0.0
4.57e-05,0.0
4.5799999999999995e-05,0.0
4.59e-05,0.0
4.6e-05,0.0
4.6099999999999996e-05,0.0
4.62e-05,0.0
4.63e-05,0.0
4.6399999999999996e-05,0.0
4.65e-05,0.0
4.66e-05,0.0
4.67e-05,0.0
4.68e-05,0.0
4.6899999999999995e-05,0.0
4.7e-05,0.0
4.71e-05,0.0
4.7199999999999995e-05,0.0
4.73e-05,0.0
4.74e-05,0.0
4.7499999999999996e-05,0.0
4.76e-05,0.0
4.77e-05,0.0
4.7799999999999996e-05,0.0
4.79e-05,0.0
4.8e-05,0.0
4.81e-05,0.0
4.82e-05,0.0
4.8299999999999995e-05,0.0
4.84e-05,0.0
4.85e-05,0.0
4.8599999999999995e-05,0.0
4.87e-05,0.0
4.88e-05,0.0
4.8899999999999996e-05,0.0
4.9e-05,0.0
4.91e-05,0.0
4.9199999999999997e-05,0.0
4.93e-05,0.0
4.9399999999999995e-05,0.0
4.95e-05,0.0
4.96e-05,0.0
4.9699999999999995e-05,0.0
4.98e-05,0.0
4.99e-05,0.0
4.9999999999999996e-05,0.0
5.01e-05,0.0
5.02e-05,0.0
5.0299999999999996e-05,-0.002
5.04e-05,-0.002
5.05e-05,-0.002
5.06e-05,-0.002
5.07e-05,-0.002
5.0799999999999995e-05,0.0
5.09e-05,0.0
5.1e-05,0.0
5.1099999999999995e-05,-0.002
5.12e-05,-0.002
5.13e-05,0.0
5.1399999999999996e-05,0.0
5.15e-05,0.0
5.16e-05,0.0
5.1699999999999996e-05,0.0
5.18e-05,0.0
5.1899999999999994e-05,0.0
5.2e-05,0.0
5.21e-05,0.0
5.2199999999999995e-05,0.0
5.23e-05,0.0
5.24e-05,0.0
5.2499999999999995e-05,0.0
5.26e-05,0.0
5.27e-05,0.0
5.2799999999999996e-05,0.0
5.29e-05,0.0
5.3e-05,0.0
5.3099999999999996e-05,0.0
5.32e-05,0.0
5.3299999999999995e-05,0.0
5.34e-05,0.0
5.35e-05,0.0
5.3599999999999995e-05,0.0
5.37e-05,0.0
5.38e-05,0.0
5.3899999999999996e-05,0.0
5.4e-05,0.0
5.41e-05,0.0
5.4199999999999996e-05,0.0
5.43e-05,0.0
5.4399999999999994e-05,0.0
5.4499999999999997e-05,0.0
5.46e-05,0.0
5.4699999999999995e-05,0.0
5.48e-05,0.0
5.49e-05,0.0
5.4999999999999995e-05,0.0
5.51e-05,0.0
5.52e-05,0.0
5.5299999999999996e-05,0.0
5.54e-05,0.0
5.55e-05,0.0
5.5599999999999996e-05,0.0
5.57e-05,0.0
5.5799999999999994e-05,0.0
5.59e-05,0.0
5.6e-05,0.0
5.6099999999999995e-05,0.0
5.62e-05,0.0
5.63e-05,0.0
5.6399999999999995e-05,0.0
5.65e-05,0.0
5.66e-05,0.0
5.6699999999999996e-05,0.0
5.68e-05,0.0
5.69e-05,0.0
5.6999999999999996e-05,0.0
5.71e-05,0.0
5.7199999999999994e-05,0.0
5.73e-05,0.0
5.74e-05,0.0
5.7499999999999995e-05,0.0
5.76e-05,0.0
5.77e-05,0.0
5.7799999999999995e-05,0.0
5.79e-05,0.0
5.8e-05,0.0
5.8099999999999996e-05,0.0
5.82e-05,0.0
5.8299999999999994e-05,0.0
5.8399999999999997e-05,0.0
5.85e-05,0.0
5.8599999999999995e-05,0.0
5.87e-05,0.0
5.88e-05,0.0
5.8899999999999995e-05,0.0
5.9e-05,0.0
5.91e-05,0.0
5.9199999999999996e-05,0.0
5.93e-05,0.0
5.94e-05,0.0
5.9499999999999996e-05,0.0
5.96e-05,0.0
5.9699999999999994e-05,0.0
5.98e-05,0.0
5.99e-05,0.0
5.9999999999999995e-05,0.0
6.01e-05,-0.002
6.02e-05,-0.002
6.0299999999999995e-05,-0.002
6.04e-05,0.0
6.05e-05,0.0
6.0599999999999996e-05,0.0
6.07e-05,0.0
6.08e-05,0.0
6.0899999999999996e-05,0.0
6.1e-05,0.0
6.11e-05,0.0
6.12e-05,0.0
6.13e-05,0.0
6.14e-05,0.0
6.149999999999999e-05,0.0
6.159999999999999e-05,0.0
6.17e-05,0.0
6.18e-05,0.0
6.19e-05,0.0
6.2e-05,0.0
6.209999999999999e-05,0.0
6.22e-05,0.0
6.23e-05,0.0
6.24e-05,0.0
6.25e-05,0.0
6.26e-05,0.0
6.269999999999999e-05,0.0
6.28e-05,0.0
6.29e-05,0.0
6.3e-05,0.0
6.31e-05,0.0
6.319999999999999e-05,0.0
6.33e-05,0.0
6.34e-05,0.0
6.35e-05,0.0
6.36e-05,0.0
6.37e-05,0.0
6.379999999999999e-05,0.0
6.39e-05,0.0
6.4e-05,0.0
6.41e-05,0.0
6.42e-05,0.0
6.429999999999999e-05,0.0
6.44e-05,0.0
6.45e-05,0.0
6.46e-05,0.0
6.47e-05,0.0
6.48e-05,0.0
6.489999999999999e-05,0.0
6.5e-05,0.0
6.51e-05,0.0
6.52e-05,0.0
6.53e-05,0.0
6.539999999999999e-05,0.0
6.549999999999999e-05,0.0
6.56e-05,0.0
6.57e-05,0.0
6.58e-05,0.0
6.59e-05,0.0
6.599999999999999e-05,0.0
6.61e-05,0.0
6.62e-05,0.0
6.63e-05,0.0
6.64e-05,0.0
6.65e-05,0.0
6.659999999999999e-05,0.0
6.67e-05,0.0
6.68e-05,0.0
6.69e-05,0.0
6.7e-05,0.0
6.709999999999999e-05,0.0
6.72e-05,0.0
6.73e-05,0.0
6.74e-05,0.0
6.75e-05,0.0
6.76e-05,0.0
6.769999999999999e-05,0.0
6.78e-05,0.0
6.79e-05,0.0
6.8e-05,0.0
6.81e-05,0.0
6.819999999999999e-05,0.0
6.829999999999999e-05,0.0
6.84e-05,0.0
6.85e-05,0.0
6.86e-05,0.0
6.87e-05,0.0
6.879999999999999e-05,0.0
6.89e-05,0.0
6.9e-05,0.0
6.91e-05,0.0
6.92e-05,0.0
6.929999999999999e-05,0.0
6.939999999999999e-05,0.0
6.95e-05,0.0
6.96e-05,0.0
6.97e-05,0.0
6.98e-05,0.0
6.989999999999999e-05,0.0
7e-05,-0.002
7.01e-05,-0.002
7.02e-05,-0.002
7.03e-05,0.0
7.04e-05,0.0
7.049999999999999e-05,0.0
7.06e-05,0.0
7.07e-05,0.0
7.08e-05,0.0
7.09e-05,0.0
7.099999999999999e-05,0.0
7.11e-05,0.0
7.12e-05,0.0
7.13e-05,0.0
7.14e-05,0.0
7.15e-05,0.0
7.159999999999999e-05,0.0
7.17e-05,0.0
7.18e-05,0.0
7.19e-05,0.0
7.2e-05,0.0
7.209999999999999e-05,0.0
7.219999999999999e-05,0.0
7.23e-05,0.0
7.24e-05,0.0
7.25e-05,0.0
7.26e-05,0.0
7.269999999999999e-05,0.0
7.28e-05,0.0
7.29e-05,0.0
7.3e-05,0.0
7.31e-05,0.0
7.319999999999999e-05,0.0
7.329999999999999e-05,0.0
7.34e-05,0.0
7.35e-05,0.0
7.36e-05,0.0
7.37e-05,0.0
7.379999999999999e-05,0.0
7.39e-05,0.0
7.4e-05,0.0
7.41e-05,0.0
7.42e-05,0.0
7.429999999999999e-05,0.0
7.439999999999999e-05,0.0
7.45e-05,0.0
7.46e-05,0.0
7.47e-05,0.0
7.48e-05,0.0
7.489999999999999e-05,0.0
7.5e-05,0.0
7.51e-05,0.0
7.52e-05,0.0
7.53e-05,0.0
7.54e-05,0.0
7.549999999999999e-05,0.0
7.56e-05,0.0
7.57e-05,0.0
7.58e-05,0.0
7.59e-05,0.0
7.599999999999999e-05,0.0
7.609999999999999e-05,0.0
7.62e-05,0.0
7.63e-05,0.0
7.64e-05,0.0
7.65e-05,0.0
7.659999999999999e-05,0.0
7.67e-05,0.0
7.68e-05,0.0
7.69e-05,0.0
7.7e-05,0.0
7.709999999999999e-05,0.0
7.719999999999999e-05,0.0
7.73e-05,0.0
7.74e-05,0.0
7.75e-05,0.0
7.76e-05,0.0
7.769999999999999e-05,0.0
7.78e-05,0.0
7.79e-05,0.0
7.8e-05,0.0
7.81e-05,0.0
7.819999999999999e-05,0.0
7.829999999999999e-05,0.0
7.84e-05,0.0
7.85e-05,0.0
7.86e-05,0.0
7.87e-05,0.0
7.879999999999999e-05,0.0
7.89e-05,0.0
7.9e-05,0.0
7.91e-05,0.0
7.92e-05,0.0
7.93e-05,0.0
7.939999999999999e-05,0.0
7.95e-05,0.0
7.96e-05,0.0
7.97e-05,0.0
7.98e-05,0.0
7.989999999999999e-05,0.0
7.999999999999999e-05,0.0
8.01e-05,0.0
8.02e-05,0.0
8.03e-05,0.0
8.04e-05,0.0
8.049999999999999e-05,0.0
8.06e-05,0.0
8.07e-05,0.0
8.08e-05,0.0
8.09e-05,0.0
8.099999999999999e-05,0.0
8.109999999999999e-05,0.0
8.12e-05,0.0
8.13e-05,0.0
8.14e-05,0.0
8.15e-05,0.0
8.159999999999999e-05,0.0
8.17e-05,0.0
8.18e-05,0.0
8.19e-05,0.0
8.2e-05,0.0
8.209999999999999e-05,0.0
8.219999999999999e-05,0.0
8.23e-05,0.0
8.24e-05,0.0
8.25e-05,0.0
8.26e-05,0.0
8.269999999999999e-05,0.0
8.28e-05,0.0
8.29e-05,0.0
8.3e-05,0.0
8.31e-05,0.0
8.319999999999999e-05,0.0
8.329999999999999e-05,0.0
8.34e-05,0.0
8.35e-05,0.0
8.36e-05,0.0
8.37e-05,0.0
8.379999999999999e-05,0.0
8.389999999999999e-05,0.0
8.4e-05,0.0
8.41e-05,0.0
8.42e-05,0.0
8.43e-05,0.0
8.439999999999999e-05,0.0
8.45e-05,0.0
8.46e-05,0.0
8.47e-05,0.0
8.48e-05,0.0
8.489999999999999e-05,0.0
8.499999999999999e-05,0.0
8.51e-05,0.0
8.52e-05,0.0
8.53e-05,0.0
8.54e-05,0.0
8.549999999999999e-05,0.0
8.56e-05,0.0
8.57e-05,0.0
8.58e-05,0.0
8.59e-05,0.0
8.599999999999999e-05,0.0
8.609999999999999e-05,0.0
8.62e-05,0.0
8.63e-05,0.0
8.64e-05,0.0
8.65e-05,0.0
8.659999999999999e-05,0.0
8.669999999999999e-05,0.0
8.68e-05,0.0
8.69e-05,0.0
8.7e-05,0.0
8.709999999999999e-05,0.0
8.719999999999999e-05,0.0
8.73e-05,0.0
8.74e-05,0.0
8.75e-05,0.0
8.76e-05,0.0
8.769999999999999e-05,0.0
8.779999999999999e-05,0.0
8.79e-05,0.0
8.8e-05,0.0
8.81e-05,0.0
8.82e-05,0.0
8.829999999999999e-05,0.0
8.84e-05,0.0
8.85e-05,0.0
8.86e-05,0.0
8.87e-05,0.0
8.879999999999999e-05,0.0
8.889999999999999e-05,0.0
8.9e-05,0.0
8.91e-05,0.0
8.92e-05,0.0
8.93e-05,0.0
8.939999999999999e-05,0.0
8.95e-05,0.0
8.96e-05,0.0
8.97e-05,0.0
8.98e-05,-0.002
8.989999999999999e-05,0.0
8.999999999999999e-05,0.0
9.01e-05,0.0
9.02e-05,-0.002
9.03e-05,0.0
9.04e-05,0.0
9.049999999999999e-05,0.0
9.059999999999999e-05,0.0
9.07e-05,0.0
9.08e-05,0.0
9.09e-05,-0.002
9.099999999999999e-05,0.0
9.109999999999999e-05,0.0
9.12e-05,0.0
9.13e-05,0.0
9.14e-05,0.0
9.15e-05,0.0
9.159999999999999e-05,0.0
9.169999999999999e-05,0.0
9.18e-05,0.0
9.19e-05,0.0
9.2e-05,0.0
9.21e-05,0.0
9.219999999999999e-05,0.0
9.23e-05,0.0
9.24e-05,0.0
9.25e-05,0.0
9.26e-05,0.0
9.269999999999999e-05,0.0
9.279999999999999e-05,0.0
9.29e-05,0.0
9.3e-05,0.0
9.31e-05,0.0
9.32e-05,0.0
9.329999999999999e-05,0.0
9.34e-05,0.0
9.35e-05,0.0
9.36e-05,0.0
9.37e-05,0.0
9.379999999999999e-05,0.0
9.389999999999999e-05,0.0
9.4e-05,0.0
9.41e-05,0.0
9.42e-05,0.0
9.43e-05,0.0
9.439999999999999e-05,-0.002
9.449999999999999e-05,0.0
9.46e-05,0.0
9.47e-05,0.0
9.48e-05,0.0
9.489999999999999e-05,0.0
9.499999999999999e-05,0.0
9.51e-05,0.0
9.52e-05,0.0
9.53e-05,0.0
9.54e-05,0.0
9.549999999999999e-05,0.0
9.559999999999999e-05,0.0
9.57e-05,0.0
9.58e-05,0.0
9.59e-05,0.0
9.6e-05,0.0
9.609999999999999e-05,0.0
9.62e-05,0.0
9.63e-05,0.0
9.64e-05,0.0
9.65e-05,0.0
9.659999999999999e-05,0.0
9.669999999999999e-05,0.0
9.68e-05,0.0
9.69e-05,0.0
9.7e-05,0.0
9.71e-05,0.0
9.719999999999999e-05,0.0
9.73e-05,0.0
9.74e-05,0.0
9.75e-05,0.0
9.76e-05,0.0
9.769999999999999e-05,0.0
9.779999999999999e-05,0.0
9.79e-05,0.0
9.8e-05,0.0
9.81e-05,0.0
9.82e-05,0.0
9.829999999999999e-05,0.0
9.839999999999999e-05,0.0
9.85e-05,0.0
9.86e-05,0.0
9.87e-05,0.0
9.879999999999999e-05,0.0
9.889999999999999e-05,0.0
9.9e-05,0.0
9.91e-05,0.0
9.92e-05,0.0
9.93e-05,0.0
9.939999999999999e-05,0.0
9.949999999999999e-05,0.0
9.96e-05,-0.002
9.97e-05,-0.002
9.98e-05,0.0
9.989999999999999e-05,0.0
9.999999999999999e-05,-0.002
0.0001001,-0.002
0.0001002,0.0
0.0001003,0.0
0.0001004,0.0
0.00010049999999999999,0.0
0.00010059999999999999,0.0
0.0001007,0.0
0.0001008,0.0
0.0001009,0.0
0.000101,0.0
0.00010109999999999999,0.0
0.0001012,0.0
0.0001013,0.0
0.0001014,0.0
0.0001015,0.0
0.00010159999999999999,0.0
0.00010169999999999999,0.0
0.0001018,0.0
0.0001019,0.0
0.000102,0.0
0.0001021,0.0
0.00010219999999999999,0.0
0.00010229999999999999,0.0
0.0001024,0.0
0.0001025,0.0
0.0001026,0.0
0.00010269999999999999,0.0
0.00010279999999999999,0.0
0.0001029,0.0
0.000103,0.0
0.0001031,0.0
0.0001032,0.0
0.00010329999999999999,0.0
0.00010339999999999999,0.0
0.0001035,0.0
0.0001036,0.0
0.0001037,0.0
0.00010379999999999999,0.0
0.00010389999999999999,0.0
0.000104,0.0
0.0001041,0.0
0.0001042,0.0
0.0001043,0.0
0.00010439999999999999,0.0
0.00010449999999999999,0.0
0.0001046,0.0
0.0001047,0.0
0.0001048,0.0
0.0001049,0.0
0.00010499999999999999,0.0
0.0001051,0.0
0.0001052,0.0
0.0001053,0.0
0.0001054,0.0
0.00010549999999999999,0.0
0.00010559999999999999,0.0
0.0001057,0.0
0.0001058,0.0
0.0001059,0.0
0.000106,0.0
0.00010609999999999999,0.0
0.00010619999999999999,0.0
0.0001063,0.0
0.0001064,0.0
0.0001065,0.0
0.00010659999999999999,0.0
0.00010669999999999999,0.0
0.0001068,0.0
0.0001069,0.0
0.000107,0.0
0.0001071,0.0
0.00010719999999999999,0.0
0.00010729999999999999,0.0
0.0001074,0.0
0.0001075,0.0
0.0001076,0.0
0.00010769999999999999,0.0
0.00010779999999999999,0.0
0.0001079,0.0
0.000108,0.0
0.0001081,0.0
0.0001082,0.0
0.00010829999999999999,0.0
0.00010839999999999999,0.0
0.0001085,0.0
0.0001086,0.0
0.0001087,0.0
0.00010879999999999999,0.0
0.00010889999999999999,0.0
0.00010899999999999999,0.0
0.0001091,0.0
0.0001092,0.0
0.0001093,0.0
0.00010939999999999999,0.0
0.00010949999999999999,-0.002
0.0001096,-0.002
0.0001097,-0.002
0.0001098,0.0
0.0001099,0.0
0.00010999999999999999,0.0
0.00011009999999999999,0.0
0.0001102,0.0
0.0001103,0.0
0.0001104,0.0
0.00011049999999999999,-0.002
0.00011059999999999999,0.0
0.0001107,0.0
0.0001108,0.0
0.0001109,0.0
0.000111,0.0
0.00011109999999999999,0.0
0.00011119999999999999,0.0
0.0001113,0.0
0.0001114,0.0
0.0001115,0.0
0.00011159999999999999,0.0
0.00011169999999999999,0.0
0.0001118,0.0
0.0001119,0.0
0.000112,0.0
0.0001121,0.0
0.00011219999999999999,0.0
0.00011229999999999999,0.0
0.0001124,0.0
0.0001125,0.0
0.0001126,0.0
0.00011269999999999999,0.0
0.00011279999999999999,0.0
0.00011289999999999999,0.0
0.000113,0.0
0.0001131,0.0
0.0001132,0.0
0.00011329999999999999,0.0
0.00011339999999999999,0.0
0.0001135,0.0
0.0001136,0.0
0.0001137,0.0
0.0001138,0.0
0.00011389999999999999,0.0
0.00011399999999999999,0.0
0.0001141,0.0
0.0001142,0.0
0.0001143,0.0
0.00011439999999999999,0.0
0.00011449999999999999,0.0
0.0001146,0.0
0.0001147,0.0
0.0001148,0.0
0.0001149,0.0
0.00011499999999999999,0.0
0.00011509999999999999,0.0
0.0001152,0.0
0.0001153,0.0
0.0001154,0.0
0.00011549999999999999,0.0
0.00011559999999999999,0.0
0.0001157,0.0
0.0001158,0.0
0.0001159,0.0
0.000116,0.0
0.00011609999999999999,0.0
0.00011619999999999999,0.0
0.0001163,0.0
0.0001164,0.0
0.0001165,0.0
0.00011659999999999999,0.0
0.00011669999999999999,0.0
0.00011679999999999999,0.0
0.0001169,0.0
0.000117,0.0
0.0001171,0.0
0.00011719999999999999,0.0
0.00011729999999999999,0.0
0.0001174,0.0
0.0001175,0.0
0.0001176,0.0
0.0001177,0.0
0.00011779999999999999,0.0
0.00011789999999999999,0.0
0.000118,0.0
0.0001181,0.0
0.0001182,0.0
0.00011829999999999999,0.0
0.00011839999999999999,0.0
0.0001185,0.0
0.0001186,0.0
0.0001187,0.0
0.0001188,0.0
0.00011889999999999999,0.0
0.00011899999999999999,0.0
0.0001191,0.0
0.0001192,0.0
0.0001193,0.0
0.00011939999999999999,0.0
0.00011949999999999999,0.0
0.0001196,0.0
0.0001197,0.0
0.0001198,0.0
0.0001199,-0.002
0.00011999999999999999,0.0
0.00012009999999999999,0.0
0.0001202,-0.002
0.0001203,-0.002
0.0001204,-0.002
0.00012049999999999999,-0.002
0.00012059999999999999,-0.002
0.00012069999999999999,-0.002
0.0001208,0.0
0.0001209,0.0
0.000121,0.0
0.00012109999999999999,0.0
0.00012119999999999999,0.0
0.0001213,0.0
0.0001214,0.0
0.0001215,0.0
0.0001216,0.0
0.00012169999999999999,0.0
0.00012179999999999999,0.0
0.0001219,0.0
0.000122,0.0
0.00012209999999999999,0.0
0.0001222,0.0
0.0001223,0.0
0.0001224,0.0
0.0001225,0.0
0.0001226,0.0
0.0001227,0.0
0.0001228,0.0
0.0001229,0.0
0.00012299999999999998,0.0
0.00012309999999999998,0.0
0.00012319999999999999,0.0
0.0001233,0.0
0.0001234,0.0
0.0001235,0.0
0.0001236,0.0
0.0001237,0.0
0.0001238,0.0
0.0001239,0.0
0.000124,0.0
0.0001241,0.0
0.00012419999999999998,0.0
0.00012429999999999999,0.0
0.0001244,0.0
0.0001245,0.0
0.0001246,0.0
0.0001247,0.0
0.0001248,0.0
0.0001249,0.0
0.000125,0.0
0.0001251,0.0
0.0001252,0.0
0.00012529999999999998,0.0
0.00012539999999999999,0.0
0.0001255,0.0
0.0001256,0.0
0.0001257,0.0
0.0001258,0.0
0.0001259,0.0
0.000126,0.0
0.0001261,0.0
0.0001262,0.0
0.0001263,0.0
0.00012639999999999998,0.0
0.00012649999999999998,0.0
0.0001266,0.0
0.0001267,0.0
0.0001268,0.0
0.0001269,0.0
0.000127,-0.002
0.0001271,0.0
0.0001272,0.0
0.0001273,0.0
0.0001274,0.0
0.00012749999999999998,0.0
0.00012759999999999998,0.0
0.0001277,0.0
0.0001278,0.0
0.0001279,0.0
0.000128,0.0
0.0001281,0.0
0.0001282,0.0
0.0001283,0.0
0.0001284,0.0
0.0001285,0.0
0.00012859999999999998,0.0
0.00012869999999999998,0.0
0.0001288,0.0
0.0001289,0.0
0.000129,0.0
0.0001291,0.0
0.0001292,0.0
0.0001293,0.0
0.0001294,0.0
0.0001295,0.0
0.0001296,0.0
0.00012969999999999998,0.0
0.00012979999999999998,0.0
0.00012989999999999999,0.0
0.00013,0.0
0.0001301,0.0
0.0001302,0.0
0.0001303,0.0
0.0001304,0.0
0.0001305,0.0
0.0001306,0.0
0.0001307,0.0
0.00013079999999999998,0.0
0.00013089999999999998,0.0
0.00013099999999999999,0.0
0.0001311,0.0
0.0001312,0.0
0.0001313,0.0
0.0001314,0.0
0.0001315,0.0
0.0001316,0.0
0.0001317,0.0
0.0001318,0.0
0.00013189999999999998,0.0
0.00013199999999999998,0.0
0.00013209999999999999,0.0
0.0001322,0.0
0.0001323,0.0
0.0001324,0.0
0.0001325,0.0
0.0001326,0.0
0.0001327,0.0
0.0001328,0.0
0.0001329,-0.002
0.000133,0.0
0.00013309999999999998,0.0
0.00013319999999999999,0.0
0.0001333,0.0
0.0001334,0.0
0.0001335,0.0
0.0001336,0.0
0.0001337,0.0
0.0001338,0.0
0.0001339,0.0
0.000134,0.0
0.0001341,0.0
0.00013419999999999998,0.0
0.00013429999999999998,0.0
0.0001344,0.0
0.0001345,0.0
0.0001346,0.0
0.0001347,0.0
0.0001348,0.0
0.0001349,0.0
0.000135,0.0
0.0001351,0.0
0.0001352,0.0
0.00013529999999999998,0.0
0.00013539999999999998,0.0
0.0001355,0.0
0.0001356,0.0
0.0001357,0.0
0.0001358,0.0
0.0001359,0.0
0.000136,0.0
0.0001361,0.0
0.0001362,0.0
0.0001363,0.0
0.00013639999999999998,0.0
0.00013649999999999998,0.0
0.00013659999999999999,0.0
0.0001367,0.0
0.0001368,0.0
0.0001369,0.0
0.000137,0.0
0.0001371,0.0
0.0001372,0.0
0.0001373,0.0
0.0001374,0.0
0.00013749999999999998,0.0
0.00013759999999999998,0.0
0.00013769999999999999,0.0
0.0001378,0.0
0.0001379,0.0
0.000138,0.0
0.0001381,0.0
0.0001382,0.0
0.0001383,0.0
0.0001384,0.0
0.0001385,0.0
0.00013859999999999998,0.0
0.00013869999999999998,0.0
0.00013879999999999999,0.0
0.0001389,0.0
0.000139,0.0
0.0001391,0.0
0.0001392,0.0
0.0001393,0.0
0.0001394,0.0
0.0001395,0.0
0.0001396,0.0
0.00013969999999999998,0.0
0.00013979999999999998,0.0
0.00013989999999999999,0.0
0.00014,0.0
0.0001401,0.0
0.0001402,0.0
0.0001403,0.0
0.0001404,0.0
0.0001405,0.0
0.0001406,0.0
0.0001407,0.0
0.0001408,0.0
0.00014089999999999998,0.0
0.00014099999999999998,0.0
0.0001411,0.0
0.0001412,0.0
0.0001413,0.0
0.0001414,0.0
0.0001415,0.0
0.0001416,0.0
0.0001417,0.0
0.0001418,0.0
0.0001419,0.0
0.00014199999999999998,0.0
0.00014209999999999998,0.0
0.0001422,0.0
0.0001423,0.0
0.0001424,0.0
0.0001425,0.0
0.0001426,0.0
0.0001427,0.0
0.0001428,0.0
0.0001429,0.0
0.000143,0.0
0.00014309999999999998,0.0
0.00014319999999999998,0.0
0.0001433,0.0
0.0001434,0.0
0.0001435,0.0
0.0001436,0.0
0.0001437,0.0
0.0001438,0.0
0.0001439,0.0
0.000144,0.0
0.0001441,0.0
0.00014419999999999998,0.0
0.00014429999999999998,0.0
0.00014439999999999999,0.0
0.0001445,0.0
0.0001446,0.0
0.0001447,0.0
0.0001448,0.0
0.0001449,0.0
0.000145,0.0
0.0001451,-0.002
0.0001452,-0.002
0.00014529999999999998,0.0
0.00014539999999999998,0.0
0.00014549999999999999,0.0
0.0001456,0.0
0.0001457,0.0
0.0001458,0.0
0.0001459,0.0
0.000146,0.0
0.0001461,0.0
0.0001462,0.0
0.0001463,0.0
0.00014639999999999998,0.0
0.00014649999999999998,0.0
0.00014659999999999999,0.0
0.0001467,0.0
0.0001468,0.0
0.0001469,0.0
0.000147,0.0
0.0001471,0.0
0.0001472,0.0
0.0001473,0.0
0.0001474,0.0
0.00014749999999999998,0.0
0.00014759999999999998,0.0
0.00014769999999999999,0.0
0.0001478,0.0
0.0001479,0.0
0.000148,0.0
0.0001481,0.0
0.0001482,0.0
0.0001483,0.0
0.0001484,0.0
0.0001485,0.0
0.00014859999999999998,0.0
0.00014869999999999998,0.0
0.00014879999999999998,0.0
0.0001489,0.0
0.000149,0.0
0.0001491,0.0
0.0001492,0.0
0.0001493,0.0
0.0001494,0.0
0.0001495,0.0
0.0001496,0.0
0.0001497,0.0
0.00014979999999999998,0.0
0.00014989999999999998,0.0
0.00015,0.0
0.0001501,0.0
0.0001502,0.0
0.0001503,0.0
0.0001504,0.0
0.0001505,0.0
0.0001506,0.0
0.0001507,0.0
0.0001508,0.0
0.00015089999999999998,0.0
0.00015099999999999998,0.0
0.0001511,0.0
0.0001512,0.0
0.0001513,0.0
0.0001514,0.0
0.0001515,0.0
0.0001516,0.0
0.0001517,0.0
0.0001518,0.0
0.0001519,0.0
0.00015199999999999998,0.0
0.00015209999999999998,0.0
0.00015219999999999999,0.0
0.0001523,0.0
0.0001524,0.0
0.0001525,0.0
0.0001526,0.0
0.0001527,0.0
0.0001528,0.0
0.0001529,0.0
0.000153,0.0
0.00015309999999999998,0.0
0.00015319999999999998,0.0
0.00015329999999999999,0.0
0.0001534,0.0
0.0001535,0.0
0.0001536,0.0
0.0001537,0.0
0.0001538,0.0
0.0001539,0.0
0.000154,0.0
0.0001541,0.0
0.00015419999999999998,0.0
0.00015429999999999998,0.0
0.00015439999999999999,0.0
0.0001545,0.0
0.0001546,0.0
0.0001547,0.0
0.0001548,0.0
0.0001549,0.0
0.000155,0.0
0.0001551,0.0
0.0001552,0.0
0.00015529999999999998,0.0
0.00015539999999999998,0.0
0.00015549999999999999,0.0
0.0001556,0.0
0.0001557,0.0
0.0001558,0.0
0.0001559,0.0
0.000156,0.0
0.0001561,0.0
0.0001562,0.0
0.0001563,0.0
0.00015639999999999998,0.0
0.00015649999999999998,0.0
0.00015659999999999998,0.0
0.0001567,0.0
0.0001568,0.0
0.0001569,0.0
0.000157,0.0
0.0001571,0.0
0.0001572,0.0
0.0001573,0.0
0.0001574,0.0
0.00015749999999999998,0.0
0.00015759999999999998,0.0
0.00015769999999999998,0.0
0.0001578,0.0
0.0001579,0.0
0.000158,0.0
0.0001581,0.0
0.0001582,0.0
0.0001583,0.0
0.0001584,0.0
0.0001585,0.0
0.0001586,0.0
0.00015869999999999998,0.0
0.00015879999999999998,0.0
0.00015889999999999999,0.0
0.000159,0.0
0.0001591,0.0
0.0001592,0.0
0.0001593,0.0
0.0001594,0.0
0.0001595,0.0
0.0001596,0.0
0.0001597,0.0
0.00015979999999999998,0.0
0.00015989999999999998,0.0
0.00015999999999999999,0.0
0.0001601,0.0
0.0001602,0.0
0.0001603,0.0
0.0001604,0.0
0.0001605,0.0
0.0001606,0.0
0.0001607,0.0
0.0001608,0.0
0.00016089999999999998,0.0
0.00016099999999999998,0.0
0.00016109999999999999,0.0
0.0001612,0.0
0.0001613,0.0
0.0001614,0.0
0.0001615,0.0
0.0001616,0.0
0.0001617,0.0
0.0001618,0.0
0.0001619,0.0
0.00016199999999999998,0.0
0.00016209999999999998,0.0
0.00016219999999999999,0.0
0.0001623,0.0
0.0001624,0.0
0.0001625,0.0
0.0001626,0.0
0.0001627,0.0
0.0001628,0.0
0.0001629,0.0
0.000163,0.0
0.00016309999999999998,0.0
0.00016319999999999998,0.0
0.00016329999999999998,0.0
0.0001634,0.0
0.0001635,0.0
0.0001636,0.0
0.0001637,0.0
0.0001638,0.0
0.0001639,0.0
0.000164,0.0
0.0001641,0.0
0.00016419999999999998,0.0
0.00016429999999999998,0.0
0.00016439999999999998,0.0
0.0001645,0.0
0.0001646,0.0
0.0001647,0.0
0.0001648,0.0
0.0001649,0.0
0.000165,0.0
0.0001651,0.0
0.0001652,0.0
0.00016529999999999998,0.0
0.00016539999999999998,0.0
0.00016549999999999998,0.0
0.0001656,0.0
0.0001657,0.0
0.0001658,0.0
0.0001659,0.0
0.000166,0.0
0.0001661,0.0
0.0001662,0.0
0.0001663,0.0
0.00016639999999999998,0.0
0.00016649999999999998,0.0
0.00016659999999999998,0.0
0.00016669999999999999,0.0
0.0001668,0.0
0.0001669,0.0
0.000167,0.0
0.0001671,0.0
0.0001672,0.0
0.0001673,0.0
0.0001674,0.0
0.0001675,0.0
0.00016759999999999998,0.0
0.00016769999999999998,0.0
0.00016779999999999999,0.0
0.0001679,0.0
0.000168,0.0
0.0001681,0.0
0.0001682,0.0
0.0001683,0.0
0.0001684,0.0
0.0001685,0.0
0.0001686,0.0
0.00016869999999999998,0.0
0.00016879999999999998,0.0
0.00016889999999999999,0.0
0.000169,0.0
0.0001691,-0.002
0.0001692,-0.002
0.0001693,-0.002
0.0001694,-0.002
0.0001695,0.0
0.0001696,-0.002
0.0001697,0.0
0.00016979999999999998,0.0
0.00016989999999999998,0.0
0.00016999999999999999,0.0
0.0001701,0.0
0.0001702,0.0
0.0001703,0.0
0.0001704,0.0
0.0001705,0.0
0.0001706,0.0
0.0001707,0.0
0.0001708,0.0
0.00017089999999999998,0.0
0.00017099999999999998,0.0
0.00017109999999999998,0.0
0.0001712,0.0
0.0001713,0.0
0.0001714,0.0
0.0001715,0.0
0.0001716,0.0
0.0001717,0.0
0.0001718,0.0
0.0001719,0.0
0.00017199999999999998,0.0
0.00017209999999999998,0.0
0.00017219999999999998,0.0
0.0001723,0.0
0.0001724,0.0
0.0001725,0.0
0.0001726,0.0
0.0001727,0.0
0.0001728,0.0
0.0001729,0.0
0.000173,0.0
0.00017309999999999998,0.0
0.00017319999999999998,0.0
0.00017329999999999998,0.0
0.00017339999999999999,0.0
0.0001735,0.0
0.0001736,0.0
0.0001737,0.0
0.0001738,0.0
0.0001739,0.0
0.000174,0.0
0.0001741,0.0
0.00017419999999999998,0.0
0.00017429999999999998,0.0
0.00017439999999999998,0.0
0.00017449999999999999,0.0
0.0001746,0.0
0.0001747,0.0
0.0001748,0.0
0.0001749,0.0
0.000175,0.0
0.0001751,0.0
0.0001752,0.0
0.0001753,0.0
0.00017539999999999998,0.0
0.00017549999999999998,0.0
0.00017559999999999999,0.0
0.0001757,0.0
0.0001758,0.0
0.0001759,0.0
0.000176,0.0
0.0001761,0.0
0.0001762,0.0
0.0001763,0.0
0.0001764,0.0
0.00017649999999999998,0.0
0.00017659999999999998,0.0
0.00017669999999999999,0.0
0.0001768,0.0
0.0001769,0.0
0.000177,0.0
0.0001771,0.0
0.0001772,0.0
0.0001773,0.0
0.0001774,0.0
0.0001775,0.0
0.00017759999999999998,0.0
0.00017769999999999998,0.0
0.00017779999999999998,0.0
0.0001779,0.0
0.000178,0.0
0.0001781,0.0
0.0001782,0.0
0.0001783,0.0
0.0001784,0.0
0.0001785,0.0
0.0001786,0.0
0.00017869999999999998,0.0
0.00017879999999999998,0.0
0.00017889999999999998,-0.002
0.000179,-0.002
0.0001791,0.0
0.0001792,0.0
0.0001793,0.0
0.0001794,0.0
0.0001795,0.0
0.0001796,0.0
0.0001797,0.0
0.00017979999999999998,0.0
0.00017989999999999998,0.0
0.00017999999999999998,0.0
0.0001801,0.0
0.0001802,0.0
0.0001803,0.0
0.0001804,0.0
0.0001805,0.0
0.0001806,0.0
0.0001807,0.0
0.0001808,0.0
0.00018089999999999998,0.0
0.00018099999999999998,0.0
0.00018109999999999998,0.0
0.00018119999999999999,0.0
0.0001813,0.0
0.0001814,0.0
0.0001815,0.0
0.0001816,0.0
0.0001817,0.0
0.0001818,0.0
0.0001819,0.0
0.00018199999999999998,0.0
0.00018209999999999998,0.0
0.00018219999999999998,0.0
0.00018229999999999999,0.0
0.0001824,0.0
0.0001825,0.0
0.0001826,0.0
0.0001827,0.0
0.0001828,0.0
0.0001829,0.0
0.000183,0.0
0.00018309999999999998,0.0
0.00018319999999999998,0.0
0.00018329999999999998,0.0
0.00018339999999999999,0.0
0.0001835,0.0
0.0001836,0.0
0.0001837,0.0
0.0001838,0.0
0.0001839,0.0
0.000184,0.0
0.0001841,0.0
0.0001842,0.0
0.00018429999999999998,0.0
0.00018439999999999998,0.0
0.00018449999999999999,0.0
0.0001846,0.0
0.0001847,0.0
0.0001848,0.0
0.0001849,0.0
0.000185,0.0
0.0001851,0.0
0.0001852,0.0
0.0001853,0.0
0.00018539999999999998,0.0
0.00018549999999999998,0.0
0.00018559999999999998,0.0
0.0001857,0.0
0.0001858,0.0
0.0001859,0.0
0.000186,0.0
0.0001861,0.0
0.0001862,0.0
0.0001863,0.0
0.0001864,0.0
0.00018649999999999998,0.0
0.00018659999999999998,0.0
0.00018669999999999998,0.0
0.0001868,0.0
0.0001869,0.0
0.000187,0.0
0.0001871,0.0
0.0001872,0.0
0.0001873,0.0
0.0001874,0.0
0.0001875,0.0
0.00018759999999999998,0.0
0.00018769999999999998,0.0
0.00018779999999999998,0.0
0.0001879,0.0
0.000188,0.0
0.0001881,0.0
0.0001882,0.0
0.0001883,0.0
0.0001884,0.0
0.0001885,0.0
0.0001886,0.0
0.00018869999999999998,-0.002
0.00018879999999999998,0.0
0.00018889999999999998,-0.002
0.00018899999999999999,0.0
0.0001891,-0.002
0.0001892,0.0
0.0001893,-0.002
0.0001894,0.0
0.0001895,0.0
0.0001896,0.0
0.0001897,0.0
0.00018979999999999998,0.0
0.00018989999999999998,0.0
0.00018999999999999998,0.0
0.00019009999999999999,0.0
0.0001902,0.0
0.0001903,0.0
0.0001904,0.0
0.0001905,0.0
0.0001906,0.0
0.0001907,0.0
0.0001908,0.0
0.00019089999999999998,0.0
0.00019099999999999998,0.0
0.00019109999999999998,0.0
0.00019119999999999999,0.0
0.0001913,0.0
0.0001914,0.0
0.0001915,0.0
0.0001916,0.0
0.0001917,0.0
0.0001918,0.0
0.0001919,0.0
0.000192,0.0
0.00019209999999999998,0.0
0.00019219999999999998,0.0
0.00019229999999999999,0.0
0.0001924,0.0
0.0001925,0.0
0.0001926,0.0
0.0001927,0.0
0.0001928,0.0
0.0001929,0.0
0.000193,0.0
0.0001931,0.0
0.00019319999999999998,0.0
0.00019329999999999998,0.0
0.00019339999999999998,0.0
0.0001935,0.0
0.0001936,0.0
0.0001937,0.0
0.0001938,0.0
0.0001939,0.0
0.000194,0.0
0.0001941,0.0
0.0001942,0.0
0.00019429999999999998,0.0
0.00019439999999999998,0.0
0.00019449999999999998,0.0
0.0001946,0.0
0.0001947,0.0
0.0001948,0.0
0.0001949,0.0
0.000195,0.0
0.0001951,0.0
0.0001952,0.0
0.0001953,0.0
0.00019539999999999998,0.0
0.00019549999999999998,0.0
0.00019559999999999998,0.0
0.00019569999999999999,0.0
0.0001958,0.0
0.0001959,0.0
0.000196,0.0
0.0001961,0.0
0.0001962,0.0
0.0001963,0.0
0.0001964,0.0
0.00019649999999999998,0.0
0.00019659999999999998,0.0
0.00019669999999999998,0.0
0.00019679999999999999,0.0
0.0001969,0.0
0.000197,0.0
0.0001971,0.0
0.0001972,0.0
0.0001973,0.0
0.0001974,0.0
0.0001975,0.0
0.00019759999999999998,0.0
0.00019769999999999998,0.0
0.00019779999999999998,0.0
0.00019789999999999999,0.0
0.000198,0.0
0.0001981,0.0
0.0001982,0.0
0.0001983,0.0
0.0001984,0.0
0.0001985,0.0
0.0001986,0.0
0.00019869999999999998,0.0
0.00019879999999999998,-0.002
0.00019889999999999998,0.0
0.00019899999999999999,0.0
0.0001991,0.0
0.0001992,0.0
0.0001993,0.0
0.0001994,0.0
0.0001995,0.0
0.0001996,0.0
0.0001997,0.0
0.00019979999999999998,0.0
0.00019989999999999998,0.0
0.00019999999999999998,0.0
0.00020009999999999998,0.0
0.0002002,0.0
0.0002003,0.0
0.0002004,0.0
0.0002005,0.0
0.0002006,0.0
0.0002007,0.0
0.0002008,0.0
0.0002009,0.0
0.00020099999999999998,0.0
0.00020109999999999998,0.0
0.00020119999999999998,0.0
0.0002013,0.0
0.0002014,0.0
0.0002015,0.0
0.0002016,0.0
0.0002017,0.0
0.0002018,0.0
0.0002019,0.0
0.000202,0.0
0.00020209999999999998,0.0
0.00020219999999999998,0.0
0.00020229999999999998,0.0
0.0002024,0.0
0.0002025,0.0
0.0002026,0.0
0.0002027,0.0
0.0002028,0.0
0.0002029,0.0
0.000203,0.0
0.0002031,0.0
0.00020319999999999998,0.0
0.00020329999999999998,0.0
0.00020339999999999998,0.0
0.00020349999999999999,0.0
0.0002036,0.0
0.0002037,0.0
0.0002038,0.0
0.0002039,0.0
0.000204,0.0
0.0002041,0.0
0.0002042,0.0
0.00020429999999999998,0.0
0.00020439999999999998,0.0
0.00020449999999999998,0.0
0.00020459999999999999,0.0
0.0002047,0.0
0.0002048,0.0
0.0002049,0.0
0.000205,0.0
0.0002051,0.0
0.0002052,0.0
0.0002053,0.0
0.00020539999999999998,0.0
0.00020549999999999998,0.0
0.00020559999999999998,0.0
0.00020569999999999999,0.0
0.0002058,0.0
0.0002059,0.0
0.000206,0.0
0.0002061,0.0
0.0002062,0.0
0.0002063,0.0
0.0002064,0.0
0.00020649999999999998,0.0
0.00020659999999999998,0.0
0.00020669999999999998,0.0
0.00020679999999999999,0.0
0.0002069,0.0
0.000207,0.0
0.0002071,0.0
0.0002072,0.0
0.0002073,0.0
0.0002074,0.0
0.0002075,0.0
0.00020759999999999998,0.0
0.00020769999999999998,0.0
0.00020779999999999998,0.0
0.00020789999999999998,0.0
0.000208,0.0
0.0002081,0.0
0.0002082,0.0
0.0002083,0.0
0.0002084,0.0
0.0002085,0.0
0.0002086,0.0
0.00020869999999999998,0.0
0.00020879999999999998,0.0
0.00020889999999999998,0.0
0.00020899999999999998,0.0
0.0002091,0.0
0.0002092,0.0
0.0002093,0.0
0.0002094,0.0
0.0002095,-0.002
0.0002096,0.0
0.0002097,0.0
0.0002098,0.0
0.00020989999999999998,0.0
0.00020999999999999998,0.0
0.00021009999999999998,0.0
0.0002102,0.0
0.0002103,0.0
0.0002104,0.0
0.0002105,0.0
0.0002106,0.0
0.0002107,0.0
0.0002108,0.0
0.0002109,0.0
0.00021099999999999998,0.0
0.00021109999999999998,0.0
0.00021119999999999998,0.0
0.00021129999999999999,0.0
0.0002114,0.0
0.0002115,0.0
0.0002116,0.0
0.0002117,0.0
0.0002118,0.0
0.0002119,0.0
0.000212,0.0
0.00021209999999999998,0.0
0.00021219999999999998,0.0
0.00021229999999999998,0.0
0.00021239999999999999,0.0
0.0002125,0.0
0.0002126,0.0
0.0002127,0.0
0.0002128,0.0
0.0002129,0.0
0.000213,0.0
0.0002131,0.0
0.00021319999999999998,0.0
0.00021329999999999998,0.0
0.00021339999999999998,0.0
0.00021349999999999999,0.0
0.0002136,0.0
0.0002137,0.0
0.0002138,0.0
0.0002139,0.0
0.000214,0.0
0.0002141,0.0
0.0002142,0.0
0.00021429999999999998,0.0
0.00021439999999999998,0.0
0.00021449999999999998,0.0
0.00021459999999999998,0.0
0.0002147,0.0
0.0002148,0.0
0.0002149,0.0
0.000215,0.0
0.0002151,0.0
0.0002152,0.0
0.0002153,0.0
0.00021539999999999998,0.0
0.00021549999999999998,0.0
0.00021559999999999998,0.0
0.00021569999999999998,0.0
0.0002158,0.0
0.0002159,0.0
0.000216,0.0
0.0002161,0.0
0.0002162,0.0
0.0002163,0.0
0.0002164,0.0
0.00021649999999999998,0.0
0.00021659999999999998,0.0
0.00021669999999999998,0.0
0.00021679999999999998,0.0
0.0002169,0.0
0.000217,0.0
0.0002171,0.0
0.0002172,0.0
0.0002173,0.0
0.0002174,0.0
0.0002175,0.0
0.00021759999999999998,0.0
0.00021769999999999998,0.0
0.00021779999999999998,0.0
0.00021789999999999998,0.0
0.00021799999999999999,0.0
0.0002181,0.0
0.0002182,0.0
0.0002183,0.0
0.0002184,0.0
0.0002185,0.0
0.0002186,-0.002
0.0002187,0.0
0.00021879999999999998,0.0
0.00021889999999999998,0.0
0.00021899999999999998,0.0
0.00021909999999999999,0.0
0.0002192,0.0
0.0002193,0.0
0.0002194,0.0
0.0002195,0.0
0.0002196,0.0
0.0002197,0.0
0.0002198,0.0
0.00021989999999999998,0.0
0.00021999999999999998,0.0
0.00022009999999999998,0.0
0.00022019999999999999,0.0
0.0002203,0.0
0.0002204,0.0
0.0002205,0.0
0.0002206,0.0
0.0002207,0.0
0.0002208,0.0
0.0002209,0.0
0.00022099999999999998,0.0
0.00022109999999999998,0.0
0.00022119999999999998,0.0
0.00022129999999999999,0.0
0.0002214,0.0
0.0002215,0.0
0.0002216,0.0
0.0002217,0.0
0.0002218,0.0
0.0002219,0.0
0.000222,0.0
0.00022209999999999998,0.0
0.00022219999999999998,0.0
0.00022229999999999998,0.0
0.00022239999999999998,0.0
0.0002225,0.0
0.0002226,0.0
0.0002227,0.0
0.0002228,0.0
0.0002229,0.0
0.000223,0.0
0.0002231,0.0
0.00022319999999999998,0.0
0.00022329999999999998,0.0
0.00022339999999999998,0.0
0.00022349999999999998,0.0
0.0002236,0.0
0.0002237,0.0
0.0002238,0.0
0.0002239,0.0
0.000224,0.0
0.0002241,0.0
0.0002242,0.0
0.00022429999999999998,0.0
0.00022439999999999998,0.0
0.00022449999999999998,0.0
0.00022459999999999998,0.0
0.0002247,0.0
0.0002248,0.0
0.0002249,0.0
0.000225,0.0
0.0002251,0.0
0.0002252,0.0
0.0002253,0.0
0.00022539999999999998,0.0
0.00022549999999999998,0.0
0.00022559999999999998,0.0
0.00022569999999999998,0.0
0.00022579999999999999,0.0
0.0002259,0.0
0.000226,0.0
0.0002261,0.0
0.0002262,0.0
0.0002263,0.0
0.0002264,0.0
0.0002265,0.0
0.00022659999999999998,0.0
0.00022669999999999998,0.0
0.00022679999999999998,0.0
0.00022689999999999999,0.0
0.000227,0.0
0.0002271,0.0
0.0002272,0.0
0.0002273,0.0
0.0002274,0.0
0.0002275,0.0
0.0002276,0.0
0.00022769999999999998,0.0
0.00022779999999999998,0.0
0.00022789999999999998,0.0
0.00022799999999999999,0.0
0.0002281,0.0
0.0002282,0.0
0.0002283,0.0
0.0002284,0.0
0.0002285,0.0
0.0002286,0.0
0.0002287,0.0
0.00022879999999999998,0.0
0.00022889999999999998,0.0
0.00022899999999999998,0.0
0.00022909999999999999,0.0
0.0002292,0.0
0.0002293,0.0
0.0002294,0.0
0.0002295,0.0
0.0002296,0.0
0.0002297,0.0
0.0002298,0.0
0.00022989999999999998,0.0
0.00022999999999999998,0.0
0.00023009999999999998,0.0
0.00023019999999999998,0.0
0.0002303,0.0
0.0002304,0.0
0.0002305,0.0
0.0002306,0.0
0.0002307,0.0
0.0002308,0.0
0.0002309,0.0
0.00023099999999999998,0.0
0.00023109999999999998,0.0
0.00023119999999999998,0.0
0.00023129999999999998,0.0
0.0002314,0.0
0.0002315,0.0
0.0002316,0.0
0.0002317,0.0
0.0002318,0.0
0.0002319,0.0
0.000232,0.0
0.00023209999999999998,0.0
0.00023219999999999998,0.0
0.00023229999999999998,0.0
0.00023239999999999998,0.0
0.00023249999999999999,0.0
0.0002326,0.0
0.0002327,0.0
0.0002328,0.0
0.0002329,0.0
0.000233,0.0
0.0002331,0.0
0.00023319999999999998,0.0
0.00023329999999999998,0.0
0.00023339999999999998,0.0
0.00023349999999999998,0.0
0.00023359999999999999,0.0
0.0002337,0.0
0.0002338,0.0
0.0002339,0.0
0.000234,0.0
0.0002341,0.0
0.0002342,0.0
0.00023429999999999998,0.0
0.00023439999999999998,0.0
0.00023449999999999998,0.0
0.00023459999999999998,0.0
0.00023469999999999999,0.0
0.0002348,0.0
0.0002349,0.0
0.000235,0.0
0.0002351,0.0
0.0002352,0.0
0.0002353,0.0
0.0002354,0.0
0.00023549999999999998,0.0
0.00023559999999999998,0.0
0.00023569999999999998,0.0
0.00023579999999999999,0.0
0.0002359,0.0
0.000236,0.0
0.0002361,0.0
0.0002362,0.0
0.0002363,0.0
0.0002364,0.0
0.0002365,0.0
0.00023659999999999998,0.0
0.00023669999999999998,0.0
0.00023679999999999998,0.0
0.00023689999999999998,0.0
0.000237,0.0
0.0002371,0.0
0.0002372,0.0
0.0002373,0.0
0.0002374,0.0
0.0002375,0.0
0.0002376,0.0
0.00023769999999999998,0.0
0.00023779999999999998,0.0
0.00023789999999999998,-0.002
0.00023799999999999998,0.0
0.0002381,0.0
0.0002382,-0.002
0.0002383,-0.002
0.0002384,0.0
0.0002385,0.0
0.0002386,-0.002
0.0002387,0.0
0.00023879999999999998,0.0
0.00023889999999999998,0.0
0.00023899999999999998,0.0
0.00023909999999999998,0.0
0.0002392,0.0
0.0002393,0.0
0.0002394,0.0
0.0002395,0.0
0.0002396,0.0
0.0002397,0.0
0.0002398,0.0
0.00023989999999999998,0.0
0.00023999999999999998,0.0
0.00024009999999999998,0.0
0.00024019999999999998,0.0
0.00024029999999999999,0.0
0.0002404,0.0
0.0002405,0.0
0.0002406,0.0
0.0002407,0.0
0.0002408,0.0
0.0002409,0.0
0.00024099999999999998,0.0
0.00024109999999999998,0.0
0.00024119999999999998,0.0
0.00024129999999999998,0.0
0.00024139999999999999,0.0
0.0002415,0.0
0.0002416,0.0
0.0002417,0.0
0.0002418,0.0
0.0002419,0.0
0.000242,0.0
0.00024209999999999998,0.0
0.00024219999999999998,0.0
0.00024229999999999998,0.0
0.00024239999999999998,0.0
0.00024249999999999999,0.0
0.0002426,0.0
0.0002427,0.0
0.0002428,0.0
0.0002429,0.0
0.000243,0.0
0.0002431,0.0
0.0002432,0.0
0.00024329999999999998,0.0
0.00024339999999999998,0.0
0.00024349999999999998,0.0
0.00024359999999999999,0.0
0.0002437,0.0
0.0002438,0.0
0.0002439,0.0
0.000244,0.0
0.0002441,0.0
0.00024419999999999997,0.0
0.0002443,0.0
0.0002444,0.0
0.0002445,0.0
0.0002446,0.0
0.0002447,0.0
0.0002448,0.0
0.0002449,0.0
0.000245,0.0
0.0002451,0.0
0.0002452,0.0
0.0002453,0.0
0.0002454,0.0
0.0002455,0.0
0.0002456,0.0
0.0002457,0.0
0.0002458,0.0
0.0002459,0.0
0.00024599999999999996,0.0
0.00024609999999999996,0.0
0.00024619999999999997,0.0
0.00024629999999999997,0.0
0.00024639999999999997,0.0
0.0002465,0.0
0.0002466,0.0
0.0002467,0.0
0.0002468,0.0
0.0002469,0.0
0.000247,0.0
0.0002471,0.0
0.0002472,0.0
0.0002473,0.0
0.0002474,0.0
0.0002475,0.0
0.0002476,0.0
0.0002477,0.0
0.0002478,0.0
0.0002479,0.0
0.000248,0.0
0.0002481,0.0
0.0002482,0.0
0.00024829999999999996,-0.002
0.00024839999999999997,0.0
0.00024849999999999997,0.0
0.00024859999999999997,-0.002
0.0002487,-0.002
0.0002488,-0.002
0.0002489,0.0
0.000249,0.0
0.0002491,0.0
0.0002492,0.0
0.0002493,0.0
0.0002494,0.0
0.0002495,0.0
0.0002496,0.0
0.0002497,0.0
0.0002498,0.0
0.0002499,0.0
